category,department,expense_category,expense_name,amount
Buildings & Grounds,Building Inspection,Equipment Materials & Supplies,EQUIPMENT EXPENSE,400
Buildings & Grounds,Building Inspection,Equipment Materials & Supplies,OPERATING MATERIALS & SUPPLIES,5000
Buildings & Grounds,Building Inspection,Gasoline and Fuel,GASOLINE/DIESEL FUEL,2000
Buildings & Grounds,Building Inspection,General Office,OFFICE SUPPLIES & POSTAGE,900
Buildings & Grounds,Building Inspection,General Office,PUBLIC INFORMATION & EDUCATION,200
Buildings & Grounds,Building Inspection,General Office,"PUBLICATIONS, DUES",2000
Buildings & Grounds,Building Inspection,IT Expenses,IT CAPITAL ISF ALLOCATION,1295
Buildings & Grounds,Building Inspection,IT Expenses,IT OPERATING ISF ALLOCATION,35965
Buildings & Grounds,Building Inspection,Insurance Expenses,INSURANCE ISF ALLOCATION,13140
Buildings & Grounds,Building Inspection,Salary & Benefits,DENTAL INS,5776
Buildings & Grounds,Building Inspection,Salary & Benefits,DISABILITY INS,1700
Buildings & Grounds,Building Inspection,Salary & Benefits,FICA,28050
Buildings & Grounds,Building Inspection,Salary & Benefits,HEALTH INS,109204
Buildings & Grounds,Building Inspection,Salary & Benefits,LIFE INS,1766
Buildings & Grounds,Building Inspection,Salary & Benefits,LONGEVITY,1710
Buildings & Grounds,Building Inspection,Salary & Benefits,OVERTIME,4868
Buildings & Grounds,Building Inspection,Salary & Benefits,SALARIES & WAGES - BLDG INSP,360086
Buildings & Grounds,Building Inspection,Salary & Benefits,WRS,26400
Buildings & Grounds,Building Inspection,Software and Contracted Services,"SOFTWARE, SUBSCRIPTIONS, MAINT",440
Buildings & Grounds,Building Inspection,"Training,Travel, Tuition",TRAINING & TRAVEL,10000
Buildings & Grounds,Building Inspection,Uniforms & Protective Gear,UNIFORMS & PROTECTIVE GEAR,2000
Buildings & Grounds,Building Inspection,Vehicle Expense,VEHICLE EXPENSE,3000
Buildings & Grounds,Maintenance Building,Equipment Materials & Supplies,BLDG CUSTODIAL SUPPLIES,2500
Buildings & Grounds,Maintenance Building,Equipment Materials & Supplies,REPAIR & MAINTENANCE SUPPLIES,5000
Buildings & Grounds,Maintenance Building,Insurance Expenses,INSURANCE ISF ALLOCATION,850
Buildings & Grounds,Maintenance Building,Salary & Benefits,DISABILITY INS,167
Buildings & Grounds,Maintenance Building,Salary & Benefits,FICA,2062
Buildings & Grounds,Maintenance Building,Salary & Benefits,LIFE INS,39
Buildings & Grounds,Maintenance Building,Salary & Benefits,SALARIES & WAGES,26952
Buildings & Grounds,Maintenance Building,Salary & Benefits,WRS,1941
Buildings & Grounds,Maintenance Building,Software and Contracted Services,REPAIRS & MAINTENANCE BY OTHER,29250
Buildings & Grounds,Maintenance Building,Utilities,UTILITIES,38575
Buildings & Grounds,New City Hall,Equipment Materials & Supplies,BLDG CUSTODIAL SUPPLIES,8000
Buildings & Grounds,New City Hall,Equipment Materials & Supplies,EQUIPMENT EXPENSE,2000
Buildings & Grounds,New City Hall,Equipment Materials & Supplies,REPAIR AND MAINT SUPPLIES,8000
Buildings & Grounds,New City Hall,Gasoline and Fuel,GASOLINE/DIESEL FUEL,805
Buildings & Grounds,New City Hall,IT Expenses,IT CAPITAL ISF ALLOCATION,760
Buildings & Grounds,New City Hall,IT Expenses,IT OPERATING ISF ALLOCATION,22810
Buildings & Grounds,New City Hall,Insurance Expenses,INSURANCE ISF ALLOCATION,25445
Buildings & Grounds,New City Hall,Salary & Benefits,B&G ON CALL PAY,19822
Buildings & Grounds,New City Hall,Salary & Benefits,DENTAL INS,2630
Buildings & Grounds,New City Hall,Salary & Benefits,DISABILITY INS,943
Buildings & Grounds,New City Hall,Salary & Benefits,FICA,18454
Buildings & Grounds,New City Hall,Salary & Benefits,HEALTH INS,50769
Buildings & Grounds,New City Hall,Salary & Benefits,LIFE INS,1033
Buildings & Grounds,New City Hall,Salary & Benefits,LONGEVITY,1800
Buildings & Grounds,New City Hall,Salary & Benefits,OVERTIME,6811
Buildings & Grounds,New City Hall,Salary & Benefits,SALARIES & WAGES-NEW CITY HALL,212801
Buildings & Grounds,New City Hall,Salary & Benefits,WRS,15614
Buildings & Grounds,New City Hall,Software and Contracted Services,OTHER CONTRACTUAL SERVICES,600
Buildings & Grounds,New City Hall,Software and Contracted Services,REPAIR & MAINT - BY OTHERS,47600
Buildings & Grounds,New City Hall,Uniforms & Protective Gear,UNIFORMS & PROTECTIVE GEAR,1100
Buildings & Grounds,New City Hall,Utilities,UTILITIES,103000
Buildings & Grounds,New City Hall,Vehicle Expense,VEHICLE EXPENSE,1000
Buildings & Grounds,Safety Building,Equipment Materials & Supplies,BLDG CUSTODIAL SUPPLIES,2000
Buildings & Grounds,Safety Building,Equipment Materials & Supplies,REPAIR & MAINT SUPPLIES,2500
Buildings & Grounds,Safety Building,Software and Contracted Services,REPAIRS & MAINT - BY OTHERS,11325
Buildings & Grounds,Safety Building,Utilities,UTILITIES,28840
Capital Debt,Transfers,Capital Projects,OTHER TRANS TO FUND 400,5387096
Capital Debt,Transfers,Capital Projects,TRANSFER TO CAP PROJ - EQUIP,565200
Community,Community Center,Equipment Materials & Supplies,BLDG CUSTODIAL SUPPLIES,7000
Community,Community Center,Equipment Materials & Supplies,EQUIPMENT EXPENSE,2000
Community,Community Center,Equipment Materials & Supplies,REPAIR & MAINT SUPPLIES,10000
Community,Community Center,Insurance Expenses,INSURANCE ISF ALLOCATION,5685
Community,Community Center,Salary & Benefits,FICA,1697
Community,Community Center,Salary & Benefits,PT/LTE/SEASONAL WAGES,22178
Community,Community Center,Software and Contracted Services,OTHER CONTRACTUAL SERVICES,500
Community,Community Center,Software and Contracted Services,REPAIRS & MAINT - BY OTHERS,26200
Community,Community Center,Utilities,UTILITIES & PAY TELEPHONE,38625
Community,HNI,Equipment Materials & Supplies,OPERATING MATERIALS & SUPP,2000
Community,HNI,General Office,PUBLIC INFORMATION & EDUCATION,300
Community,HNI,General Office,"PUBLICATIONS, DUES",445
Community,HNI,Grants,GRANTS TO OTHERS,63000
Community,HNI,IT Expenses,IT CAPITAL ISF ALLOCATION,305
Community,HNI,IT Expenses,IT OPERATING ISF ALLOCATION,6800
Community,HNI,Insurance Expenses,INSURANCE ISF ALLOCATION,1652
Community,HNI,Salary & Benefits,DISABILITY INS,400
Community,HNI,Salary & Benefits,FICA,8029
Community,HNI,Salary & Benefits,LIFE INS,51
Community,HNI,Salary & Benefits,PER DIEMS - COMMISSIONS & BDS,1280
Community,HNI,Salary & Benefits,PT/LTE/SEASONAL,19350
Community,HNI,Salary & Benefits,SALARIES & WAGES-HNI,85606
Community,HNI,Salary & Benefits,WRS,6164
Community,HNI,Software and Contracted Services,"SOFTWARE, SUBSCRIPTIONS, MAINT",400
Community,HNI,"Training,Travel, Tuition",TRAINING & TRAVEL,2500
Community,HNI,"Training,Travel, Tuition",VEHICLE USE REIMBURSEMENT,280
Community,Neighborhood Hub,Equipment Materials & Supplies,BLDG CUSTODIAL SUPPLIES,4000
Community,Neighborhood Hub,Equipment Materials & Supplies,EQUIPMENT EXPENSE,7500
Community,Neighborhood Hub,Equipment Materials & Supplies,REPAIR & MAINT SUPPLIES,5000
Community,Neighborhood Hub,Insurance Expenses,INSURANCE ISF ALLOCATION,4820
Community,Neighborhood Hub,Salary & Benefits,DISABILITY INS,167
Community,Neighborhood Hub,Salary & Benefits,FICA,2062
Community,Neighborhood Hub,Salary & Benefits,LIFE INS,39
Community,Neighborhood Hub,Salary & Benefits,SALARIES & WAGES,26952
Community,Neighborhood Hub,Salary & Benefits,WRS,1941
Community,Neighborhood Hub,Software and Contracted Services,REPAIRS & MAINT - BY OTHERS,11500
Community,Neighborhood Hub,Utilities,UTILITIES & PAY TELEPHONE,24720
Community,Senior Center,Equipment Materials & Supplies,EQUIPMENT EXPENSE,2250
Community,Senior Center,Equipment Materials & Supplies,OPERATING MATERIALS & SUPPLIES,600
Community,Senior Center,Gasoline and Fuel,GASOLINE/DIESEL FUEL,400
Community,Senior Center,General Office,OFFICE SUPPLIES & POSTAGE,1650
Community,Senior Center,General Office,PUBLIC INFORMATION & EDUCATION,1000
Community,Senior Center,General Office,"PUBLICATIONS, DUES",420
Community,Senior Center,IT Expenses,IT CAPITAL ISF ALLOCATION,2855
Community,Senior Center,IT Expenses,IT OPERATING ISF ALLOCATION,45490
Community,Senior Center,Insurance Expenses,INSURANCE ISF ALLOCATION,17212
Community,Senior Center,Program Expenses,NUTRITION PROGRAM,3500
Community,Senior Center,Program Expenses,SENIOR PROGRAMS EXPENSE,2500
Community,Senior Center,Program Expenses,VOLUNTEER PROGRAM EXP,2500
Community,Senior Center,Salary & Benefits,DENTAL INS,8436
Community,Senior Center,Salary & Benefits,DISABILITY INS,2681
Community,Senior Center,Salary & Benefits,FICA,46497
Community,Senior Center,Salary & Benefits,HEALTH INS,162391
Community,Senior Center,Salary & Benefits,LIFE INS,2110
Community,Senior Center,Salary & Benefits,LONGEVITY,4410
Community,Senior Center,Salary & Benefits,PER DIEMS - COMM ON AGING,900
Community,Senior Center,Salary & Benefits,PT/LTE/SEASONAL WAGES,18303
Community,Senior Center,Salary & Benefits,SALARIES & WAGES - SENIOR CTR,585082
Community,Senior Center,Salary & Benefits,WRS,42444
Community,Senior Center,Software and Contracted Services,OTHER CONTRACTUAL,13940
Community,Senior Center,Software and Contracted Services,REPAIRS & MAINT - BY OTHERS,1000
Community,Senior Center,Software and Contracted Services,"SOFTWARE, SUBSCRIPTIONS, MAINT",1035
Community,Senior Center,"Training,Travel, Tuition",TRAINING & TRAVEL,2600
Community,Senior Center,"Training,Travel, Tuition",VEHICLE USE REIMBURSEMENT,400
Community,Senior Center,Vehicle Expense,"VEHICLE EXPENSE (G&O, REPAIRS)",200
Fire/EMS,Fire Department,Equipment Materials & Supplies,BLDG CUSTODIAL SUPPLIES,4000
Fire/EMS,Fire Department,Equipment Materials & Supplies,BLDG CUSTODIAL SUPPLIES,4000
Fire/EMS,Fire Department,Equipment Materials & Supplies,EQUIPMENT EXPENSE,1500
Fire/EMS,Fire Department,Equipment Materials & Supplies,EQUIPMENT EXPENSE,1000
Fire/EMS,Fire Department,Equipment Materials & Supplies,EQUIPMENT EXPENSE,25000
Fire/EMS,Fire Department,Equipment Materials & Supplies,MEDICAL/EMS SUPPLIES,10815
Fire/EMS,Fire Department,Equipment Materials & Supplies,OPERATING MATERIALS & SUPPLIES,10300
Fire/EMS,Fire Department,Equipment Materials & Supplies,REPAIR & MAINT SUPPLIES,4000
Fire/EMS,Fire Department,Equipment Materials & Supplies,REPAIR & MAINT SUPPLIES,2500
Fire/EMS,Fire Department,Equipment Materials & Supplies,REPAIR & MAINT SUPPLIES,3180
Fire/EMS,Fire Department,Gasoline and Fuel,GASOLINE/DIESEL FUEL,41200
Fire/EMS,Fire Department,General Office,COMMUNICATIONS EXPENSE,11845
Fire/EMS,Fire Department,General Office,LEASE/RENTAL COSTS,9270
Fire/EMS,Fire Department,General Office,OFFICE SUPPLIES & POSTAGE,3090
Fire/EMS,Fire Department,General Office,PUBLIC INFORMATION & EDUCATION,5150
Fire/EMS,Fire Department,General Office,"PUBLICATIONS, DUES",5800
Fire/EMS,Fire Department,IT Expenses,IT CAPITAL ISF ALLOCATION,21755
Fire/EMS,Fire Department,IT Expenses,IT OPERATING ISF ALLOCATION,243695
Fire/EMS,Fire Department,Insurance Expenses,INSURANCE ISF ALLOCATION,159823
Fire/EMS,Fire Department,Salary & Benefits,DENTAL INS,22715
Fire/EMS,Fire Department,Salary & Benefits,DISABILITY INS,8098
Fire/EMS,Fire Department,Salary & Benefits,FICA,205120
Fire/EMS,Fire Department,Salary & Benefits,HEALTH INS,458481
Fire/EMS,Fire Department,Salary & Benefits,HOLIDAY PREMIUM,26174
Fire/EMS,Fire Department,Salary & Benefits,LIFE INS,4964
Fire/EMS,Fire Department,Salary & Benefits,LONGEVITY,7740
Fire/EMS,Fire Department,Salary & Benefits,OVERTIME,215968
Fire/EMS,Fire Department,Salary & Benefits,POC SERVICES,614374
Fire/EMS,Fire Department,Salary & Benefits,PT/LTE/SEASONAL WAGES,23400
Fire/EMS,Fire Department,Salary & Benefits,SALARIES & WAGES - FIRE,1786160
Fire/EMS,Fire Department,Salary & Benefits,TAXABLE CLOTHING ALLOWANCE,7500
Fire/EMS,Fire Department,Salary & Benefits,WRS,365801
Fire/EMS,Fire Department,Software and Contracted Services,OTHER CONTRACTUAL SERVICES,8500
Fire/EMS,Fire Department,Software and Contracted Services,PROFESSIONAL SERVICES,515
Fire/EMS,Fire Department,Software and Contracted Services,PUBLIC NOTICES/ADS,515
Fire/EMS,Fire Department,Software and Contracted Services,REPAIRS & MAINT - BY OTHERS,19550
Fire/EMS,Fire Department,Software and Contracted Services,REPAIRS & MAINT - BY OTHERS,19500
Fire/EMS,Fire Department,Software and Contracted Services,REPAIRS & MAINT - BY OTHERS,12000
Fire/EMS,Fire Department,Software and Contracted Services,"SOFTWARE, SUBSCRIPTIONS, MAINT",20675
Fire/EMS,Fire Department,"Training,Travel, Tuition",TRAINING & TRAVEL,26045
Fire/EMS,Fire Department,"Training,Travel, Tuition",TUITION REIMBURSEMENT,20155
Fire/EMS,Fire Department,Uniforms & Protective Gear,PROTECTIVE GEAR,66545
Fire/EMS,Fire Department,Uniforms & Protective Gear,UNIFORMS,11800
Fire/EMS,Fire Department,Utilities,UTILITIES,29355
Fire/EMS,Fire Department,Utilities,UTILITIES,37500
Fire/EMS,Fire Department,Utilities,UTILITIES,7060
Fire/EMS,Fire Department,Vehicle Expense,"VEHICLE EXPENSE (G&O, REPAIRS)",60000
Fire/EMS,Other Public Safety,DaneCom System,DANE COM/ANALOG TACTICAL,146500
Fire/EMS,Other Public Safety,EMS,FITCHRONA EMS CONTRIBUTION,1450629
Fire/EMS,Other Public Safety,EMS,WEIGHTS & MEASURES,6000
Fire/EMS,Other Public Safety,Salary & Benefits,PER DIEMS - POLICE & FIRE COMM,1500
General Government,Admin,Equipment Materials & Supplies,EQUIPMENT OPERATING EXPENSE,100
General Government,Admin,Equipment Materials & Supplies,OPERATING MATERIALS & SUPP,300
General Government,Admin,Gasoline and Fuel,GASOLINE/DIESEL FUEL,350
General Government,Admin,General Office,OFFICE SUPPLIES & POSTAGE,350
General Government,Admin,General Office,PUBLIC INFORMATION & EDUCATION,9000
General Government,Admin,General Office,PUBLICATIONS & DUES,2625
General Government,Admin,IT Expenses,IT CAPITAL ISF ALLOCATION,915
General Government,Admin,IT Expenses,IT OPERATING ISF ALLOCATION,22515
General Government,Admin,Insurance Expenses,INSURANCE ISF ALLOCATION,3750
General Government,Admin,Salary & Benefits,Admin Holiday Premium,93
General Government,Admin,Salary & Benefits,DENTAL INS,4236
General Government,Admin,Salary & Benefits,DISABILITY INS,1200
General Government,Admin,Salary & Benefits,FICA,32312
General Government,Admin,Salary & Benefits,HEALTH INS,79872
General Government,Admin,Salary & Benefits,LIFE INS,1189
General Government,Admin,Salary & Benefits,LONGEVITY,1170
General Government,Admin,Salary & Benefits,SALARIES & WAGES-ADMIN,421117
General Government,Admin,Salary & Benefits,WRS,30411
General Government,Admin,Software and Contracted Services,"SOFTWARE, SUBSCRIPTIONS, MAINT",125
General Government,Admin,"Training,Travel, Tuition",TRAINING & TRAVEL,8000
General Government,Admin,"Training,Travel, Tuition",VEHICLE USE REIMBURSEMENT,875
General Government,Admin,Vehicle Expense,"VEHICLE EXPENSE (G&O, REPAIRS)",500
General Government,Assessing,Equipment Materials & Supplies,EQUIPMENT OPERATING EXPENSE,50
General Government,Assessing,Equipment Materials & Supplies,OPERATING MATERIALS & SUPPLIES,300
General Government,Assessing,Gasoline and Fuel,GASOLINE/DIESEL FUEL,700
General Government,Assessing,General Office,OFFICE SUPPLIES & POSTAGE,3755
General Government,Assessing,General Office,"PUBLICATIONS, DUES",1070
General Government,Assessing,IT Expenses,IT CAPITAL ISF ALLOCATION,1525
General Government,Assessing,IT Expenses,IT OPERATING ISF ALLOCATION,32570
General Government,Assessing,Insurance Expenses,INSURANCE ISF ALLOCATION,12260
General Government,Assessing,Salary & Benefits,DENTAL INS,5259
General Government,Assessing,Salary & Benefits,DISABILITY INS,1991
General Government,Assessing,Salary & Benefits,FICA,33030
General Government,Assessing,Salary & Benefits,HEALTH INS,101537
General Government,Assessing,Salary & Benefits,LIFE INS,749
General Government,Assessing,Salary & Benefits,OVERTIME WAGES,4117
General Government,Assessing,Salary & Benefits,PER DIEMS - BOR,630
General Government,Assessing,Salary & Benefits,SALARIES & WAGES-ASSESSORS OFC,427643
General Government,Assessing,Salary & Benefits,WRS,31087
General Government,Assessing,Software and Contracted Services,OTHER CONTRACTUAL,27850
General Government,Assessing,Software and Contracted Services,"SOFTWARE, SUBSCRIPTIONS, MAINT",20400
General Government,Assessing,"Training,Travel, Tuition",TRAINING & TRAVEL,3600
General Government,Assessing,"Training,Travel, Tuition",TUITION REIMBURSEMENT,650
General Government,Assessing,"Training,Travel, Tuition",VEHICLE USE REIMBURSEMENT,350
General Government,Assessing,Uniforms & Protective Gear,UNIFORMS & PROTECTIVE GEAR,240
General Government,Assessing,Vehicle Expense,"VEHICLE EXPENSE (G&O, REPAIRS)",1000
General Government,City Clerk,Election Costs,ELECTION COSTS,46075
General Government,City Clerk,General Office,LEASE/RENTAL COSTS,4015
General Government,City Clerk,General Office,OFFICE SUPPLIES & POSTAGE,4800
General Government,City Clerk,General Office,"PUBLICATIONS, DUES",640
General Government,City Clerk,IT Expenses,IT CAPITAL ISF ALLOCATION,1220
General Government,City Clerk,IT Expenses,IT OPERATING ISF ALLOCATION,29895
General Government,City Clerk,Insurance Expenses,INSURANCE ISF ALLOCATION,3794
General Government,City Clerk,Salary & Benefits,DENTAL INS,4748
General Government,City Clerk,Salary & Benefits,DISABILITY INS,1486
General Government,City Clerk,Salary & Benefits,FICA,22825
General Government,City Clerk,Salary & Benefits,HEALTH INS,90705
General Government,City Clerk,Salary & Benefits,LIFE INS,1244
General Government,City Clerk,Salary & Benefits,LONGEVITY BENEFIT,765
General Government,City Clerk,Salary & Benefits,OVERTIME WAGES,6945
General Government,City Clerk,Salary & Benefits,PT/LTE/SEASONAL WAGES,111502
General Government,City Clerk,Salary & Benefits,SALARIES & WAGES - CLERKS OFFC,288069
General Government,City Clerk,Salary & Benefits,WRS,21296
General Government,City Clerk,Software and Contracted Services,OTHER CONTRACTUAL,1080
General Government,City Clerk,Software and Contracted Services,PROFESSIONAL SERVICES,2500
General Government,City Clerk,Software and Contracted Services,PUBLIC NOTICES & ADVERTISEMENT,19500
General Government,City Clerk,Software and Contracted Services,"SOFTWARE, SUBSCRIPTIONS, MAINT",29370
General Government,City Clerk,"Training,Travel, Tuition",TRAINING & TRAVEL,6400
General Government,City Clerk,"Training,Travel, Tuition",VEHICLE USE REIMBURSEMENT,1095
General Government,FACTv,Equipment Materials & Supplies,OPERATING MATERIALS & SUPPLIES,9350
General Government,FACTv,Equipment Materials & Supplies,REPAIRS & MAINT SUPPLIES,3000
General Government,FACTv,Gasoline and Fuel,GASOLINE/DIESEL FUEL,875
General Government,FACTv,General Office,OFFICE SUPPLIES & POSTAGE,500
General Government,FACTv,General Office,PUBLIC INFORMATION & EDUCATION,1000
General Government,FACTv,General Office,"PUBLICATIONS, DUES",1695
General Government,FACTv,IT Expenses,IT CAPITAL ISF ALLOCATION,12565
General Government,FACTv,IT Expenses,IT OPERATING ISF ALLOCATION,32970
General Government,FACTv,Insurance Expenses,INSURANCE ISF ALLOCATION,10270
General Government,FACTv,Salary & Benefits,DENTAL INS,3336
General Government,FACTv,Salary & Benefits,DISABILITY INS,1193
General Government,FACTv,Salary & Benefits,FACTv Holiday Premium,126
General Government,FACTv,Salary & Benefits,FICA,21724
General Government,FACTv,Salary & Benefits,HEALTH INS,64081
General Government,FACTv,Salary & Benefits,LIFE INS,744
General Government,FACTv,Salary & Benefits,LONGEVITY,675
General Government,FACTv,Salary & Benefits,PT/LTE/SEASONAL WAGES,8986
General Government,FACTv,Salary & Benefits,SALARIES & WAGES - CABLE,274181
General Government,FACTv,Salary & Benefits,WRS,19799
General Government,FACTv,Software and Contracted Services,OTHER CONTRACTUAL SERVICES,1000
General Government,FACTv,Software and Contracted Services,REPAIRS & MAINT - BY OTHERS,3000
General Government,FACTv,Software and Contracted Services,"SOFTWARE, SUBSCRIPTIONS, MAINT",16230
General Government,FACTv,"Training,Travel, Tuition",TRAINING & TRAVEL,3500
General Government,FACTv,"Training,Travel, Tuition",VEHICLE USE REIMBURSEMENT,115
General Government,FACTv,Vehicle Expense,VEHICLE EXPENSE,2500
General Government,Finance,Equipment Materials & Supplies,EQUIPMENT OPERATING EXPENSE,50
General Government,Finance,Equipment Materials & Supplies,OPERATING MATERIALS & SUPPLIES,2405
General Government,Finance,Gasoline and Fuel,GASOLINE/DIESEL FUEL,175
General Government,Finance,General Office,OFFICE SUPPLIES & POSTAGE,7100
General Government,Finance,General Office,"PUBLICATIONS, DUES",1335
General Government,Finance,IT Expenses,IT CAPITAL ISF ALLOCATION,1175
General Government,Finance,IT Expenses,IT OPERATING ISF ALLOCATION,24480
General Government,Finance,Insurance Expenses,INSURANCE ISF ALLOCATION,4950
General Government,Finance,Salary & Benefits,DENTAL INS,5076
General Government,Finance,Salary & Benefits,DISABILITY INS,1491
General Government,Finance,Salary & Benefits,FICA,28569
General Government,Finance,Salary & Benefits,Finance Holiday Premium,311
General Government,Finance,Salary & Benefits,HEALTH INS,102502
General Government,Finance,Salary & Benefits,LIFE INS,887
General Government,Finance,Salary & Benefits,LONGEVITY BENEFIT,1091
General Government,Finance,Salary & Benefits,OVERTIME WAGES,744
General Government,Finance,Salary & Benefits,PT/LTE/SEASONAL WAGES,4415
General Government,Finance,Salary & Benefits,SALARIES & WAGES - FINANCE,366883
General Government,Finance,Salary & Benefits,WRS,26570
General Government,Finance,Software and Contracted Services,AUDIT & FINANCIAL CONSULTING,54090
General Government,Finance,Software and Contracted Services,OTHER CONTRACTUAL,1350
General Government,Finance,Software and Contracted Services,"SOFTWARE, SUBSCRIPTIONS, MAINT",283565
General Government,Finance,"Training,Travel, Tuition",TRAINING & TRAVEL,8400
General Government,Finance,"Training,Travel, Tuition",VEHICLE USE REIMBURSEMENT,665
General Government,HR,Equipment Materials & Supplies,EQUIPMENT OPERATING EXPENSE,2000
General Government,HR,Equipment Materials & Supplies,OPERATING MATERIALS & SUPP,1300
General Government,HR,General Office,OFFICE SUPPLIES & POSTAGE,500
General Government,HR,General Office,"PUBLICATIONS, DUES",1810
General Government,HR,IT Expenses,IT CAPITAL ISF ALLOCATION,1220
General Government,HR,IT Expenses,IT OPERATING ISF ALLOCATION,24795
General Government,HR,Insurance Expenses,INSURANCE ISF ALLOCATION,2745
General Government,HR,Salary & Benefits,DENTAL INS,4236
General Government,HR,Salary & Benefits,DISABILITY INS,1137
General Government,HR,Salary & Benefits,FICA,20061
General Government,HR,Salary & Benefits,HEALTH INS,79872
General Government,HR,Salary & Benefits,LIFE INS,698
General Government,HR,Salary & Benefits,LONGEVITY,585
General Government,HR,Salary & Benefits,PER DIEMS - CEAC,1600
General Government,HR,Salary & Benefits,SALARIES & WAGES-HR,261647
General Government,HR,Salary & Benefits,WRS,18881
General Government,HR,Software and Contracted Services,OTHER CONTRACTUAL SERVICES,8000
General Government,HR,Software and Contracted Services,PROFESSIONAL SERVICES,1625
General Government,HR,Software and Contracted Services,RECRUITMENT & TEST - FD,8440
General Government,HR,Software and Contracted Services,RECRUITMENT & TEST - GEN,4340
General Government,HR,Software and Contracted Services,RECRUITMENT & TEST - HIGHWAY,1815
General Government,HR,Software and Contracted Services,RECRUITMENT & TEST - PD,13800
General Government,HR,Software and Contracted Services,"SOFTWARE, SUBSCRIPTIONS, MAINT",29060
General Government,HR,"Training,Travel, Tuition",TRAINING & TRAVEL,4230
General Government,HR,"Training,Travel, Tuition",TUITION REIMBURSEMENT,1505
General Government,HR,"Training,Travel, Tuition",VEHICLE USE REIMBURSEMENT,245
General Government,Interdepartmental,Contingency,CONTINGENCY - DESIGNATED,9000
General Government,Interdepartmental,Contingency,CONTINGENCY - UNDESIGNATED,25000
General Government,Interdepartmental,Debt Collection,BAD DEBT EXPENSE,3000
General Government,Interdepartmental,Debt Collection,DEBT COLLECTION EXPENSE,2000
General Government,Interdepartmental,General Office,EMPLOYEE RECOG & MEMORIALS,5050
General Government,Interdepartmental,General Office,OFFICE SUPPLIES - INTERDEPT,12000
General Government,Interdepartmental,General Office,SAFETY & HEALTH PROGRAMS,100
General Government,Interdepartmental,General Office,SPECIAL ASSESSMENTS-CITY,30
General Government,Interdepartmental,Salary & Benefits,EMPLOYEE RETIREMENT RESERVE,160000
General Government,Interdepartmental,Salary & Benefits,FICA,12240
General Government,Legal,Equipment Materials & Supplies,OPERATING MATERIALS & SUPPLIES,600
General Government,Legal,General Office,PUBLICATIONS & DUES,5375
General Government,Legal,IT Expenses,IT CAPITAL ISF ALLOCATION,305
General Government,Legal,IT Expenses,IT OPERATING ISF ALLOCATION,6200
General Government,Legal,Insurance Expenses,INSURANCE ISF ALLOCATION,1520
General Government,Legal,Outside Legal Counsel,OUTSIDE LEGAL COUNSEL,50000
General Government,Legal,Salary & Benefits,DENTAL INS,1412
General Government,Legal,Salary & Benefits,DISABILITY INS,400
General Government,Legal,Salary & Benefits,FICA,12177
General Government,Legal,Salary & Benefits,HEALTH INS,26624
General Government,Legal,Salary & Benefits,LIFE INS,153
General Government,Legal,Salary & Benefits,SALARIES & WAGES - LEGAL DEPT,159172
General Government,Legal,Salary & Benefits,WRS,11460
General Government,Legal,"Training,Travel, Tuition",TRAINING & TRAVEL,5200
General Government,Legal,"Training,Travel, Tuition",VEHICLE USE REIMBURSEMENT,560
General Government,Mayor & Council,Equipment Materials & Supplies,OPERATING MATERIALS & SUPPLIES,1650
General Government,Mayor & Council,General Office,OFFICE SUPPLIES & POSTAGE,500
General Government,Mayor & Council,General Office,PUBLIC INFORMATION & EDUCATION,1500
General Government,Mayor & Council,General Office,PUBLICATIONS & DUES,20550
General Government,Mayor & Council,IT Expenses,IT CAPITAL ISF ALLOCATION,305
General Government,Mayor & Council,IT Expenses,IT OPERATING ISF ALLOCATION,9720
General Government,Mayor & Council,Insurance Expenses,INSURANCE ISF ALLOCATION,545
General Government,Mayor & Council,Salary & Benefits,FICA,3863
General Government,Mayor & Council,Salary & Benefits,PER DIEMS - YOUTH COMM,1680
General Government,Mayor & Council,Salary & Benefits,SALARIES & WAGES - MAYOR & CC,50500
General Government,Mayor & Council,"Training,Travel, Tuition",TRAINING & TRAVEL,5450
General Government,Mayor & Council,"Training,Travel, Tuition",VEHICLE USE REIMBURSEMENT,110
General Government,Municipal Court,Election Costs,OTHER - DOT SUSPENSION FEES,2000
General Government,Municipal Court,Equipment Materials & Supplies,OPERATING MATERIALS & SUPPLIES,2600
General Government,Municipal Court,General Office,OFFICE SUPPLIES & POSTAGE,3730
General Government,Municipal Court,General Office,PUBLICATIONS & DUES,260
General Government,Municipal Court,IT Expenses,IT CAPITAL ISF ALLOCATION,915
General Government,Municipal Court,IT Expenses,IT OPERATING ISF ALLOCATION,18155
General Government,Municipal Court,Insurance Expenses,INSURANCE ISF ALLOCATION,1315
General Government,Municipal Court,Salary & Benefits,DENTAL INS,2118
General Government,Municipal Court,Salary & Benefits,DISABILITY INS,400
General Government,Municipal Court,Salary & Benefits,FICA,11243
General Government,Municipal Court,Salary & Benefits,HEALTH INS,26624
General Government,Municipal Court,Salary & Benefits,LIFE INS,236
General Government,Municipal Court,Salary & Benefits,LONGEVITY BENEFIT,900
General Government,Municipal Court,Salary & Benefits,PT/LTE/SEASONAL WAGES,6139
General Government,Municipal Court,Salary & Benefits,SALARIES & WAGES - MUN COURT,139932
General Government,Municipal Court,Salary & Benefits,WRS,6447
General Government,Municipal Court,Software and Contracted Services,OTHER CONTRACTUAL SERVICES,3000
General Government,Municipal Court,Software and Contracted Services,"SOFTWARE, SUBSCRIPTIONS, MAINT",205
General Government,Municipal Court,"Training,Travel, Tuition",TRAINING & TRAVEL,2285
General Government,Municipal Court,"Training,Travel, Tuition",VEHICLE USE REIMBURSEMENT,300
General Government,Sustainability,Equipment Materials & Supplies,OPERATING MATERIALS & SUPP,900
General Government,Sustainability,General Office,PUBLIC INFORMATION & EDUCATION,100
General Government,Sustainability,General Office,"PUBLICATIONS, DUES",475
General Government,Sustainability,IT Expenses,IT CAPITAL ISF ALLOCATION,150
General Government,Sustainability,IT Expenses,IT OPERATING ISF ALLOCATION,3255
General Government,Sustainability,Insurance Expenses,INSURANCE ISF ALLOCATION,1438
General Government,Sustainability,Salary & Benefits,DENTAL INS,709
General Government,Sustainability,Salary & Benefits,DISABILITY INS,201
General Government,Sustainability,Salary & Benefits,FICA,3125
General Government,Sustainability,Salary & Benefits,LIFE INS,39
General Government,Sustainability,Salary & Benefits,PER DIEMS - COMMISSIONS & BDS,1200
General Government,Sustainability,Salary & Benefits,SALARIES & WAGES-SUSTAINABILIT,40855
General Government,Sustainability,Salary & Benefits,WRS,2942
General Government,Sustainability,Software and Contracted Services,PROFESSIONAL SERVICES,3000
General Government,Sustainability,Software and Contracted Services,"SOFTWARE, SUBSCRIPTIONS, MAINT",250
General Government,Sustainability,"Training,Travel, Tuition",TRAINING & TRAVEL,1000
General Government,Sustainability,"Training,Travel, Tuition",VEHICLE USE REIMBURSEMENT,280
Parks & Recreation,Forestry,Equipment Materials & Supplies,EQUIPMENT EXPENSE,1150
Parks & Recreation,Forestry,Equipment Materials & Supplies,OPERATING MATERIALS & SUPPLIES,4700
Parks & Recreation,Forestry,Gasoline and Fuel,GASOLINE/DIESEL FUEL,500
Parks & Recreation,Forestry,General Office,OFFICE SUPPLIES & POSTAGE,200
Parks & Recreation,Forestry,General Office,"PUBLICATIONS, DUES",500
Parks & Recreation,Forestry,IT Expenses,IT CAPITAL ISF ALLOCATION,610
Parks & Recreation,Forestry,IT Expenses,IT OPERATING ISF ALLOCATION,13570
Parks & Recreation,Forestry,Insurance Expenses,INSURANCE ISF ALLOCATION,2880
Parks & Recreation,Forestry,Salary & Benefits,DENTAL INS,1412
Parks & Recreation,Forestry,Salary & Benefits,DISABILITY INS,400
Parks & Recreation,Forestry,Salary & Benefits,FICA,7828
Parks & Recreation,Forestry,Salary & Benefits,HEALTH INS,26624
Parks & Recreation,Forestry,Salary & Benefits,LIFE INS,249
Parks & Recreation,Forestry,Salary & Benefits,LTE/SEASONAL WAGES,7985
Parks & Recreation,Forestry,Salary & Benefits,PER DIEMS - TREE ADVISORY COMM,1200
Parks & Recreation,Forestry,Salary & Benefits,SALARIES & WAGES - FORESTRY,94338
Parks & Recreation,Forestry,Salary & Benefits,WRS,6792
Parks & Recreation,Forestry,Software and Contracted Services,OTHER CONTRACTUAL,44000
Parks & Recreation,Forestry,Software and Contracted Services,PUBLIC NOTICES/ADS,400
Parks & Recreation,Forestry,"Training,Travel, Tuition",TRAINING & TRAVEL,1500
Parks & Recreation,Forestry,Vehicle Expense,"VEHICLE EXPENSE (G&O, REPAIRS)",500
Parks & Recreation,Parks Department,Equipment Materials & Supplies,BUILDING REPAIRS & MAINTENANCE,22150
Parks & Recreation,Parks Department,Equipment Materials & Supplies,EQUIPMENT EXPENSE,12550
Parks & Recreation,Parks Department,Equipment Materials & Supplies,OPERATING MATERIALS & SUPPLIES,17300
Parks & Recreation,Parks Department,Equipment Materials & Supplies,REPAIR & MAINT SUPPLIES,41750
Parks & Recreation,Parks Department,Equipment Replacement Reserve,EQUIPMENT REPLACEMENT RESERVE,5695
Parks & Recreation,Parks Department,Gasoline and Fuel,GASOLINE/DIESEL FUEL,34000
Parks & Recreation,Parks Department,General Office,LEASE/RENTAL COSTS,2500
Parks & Recreation,Parks Department,General Office,OFFICE SUPPLIES & POSTAGE,550
Parks & Recreation,Parks Department,General Office,"PUBLICATIONS, DUES",250
Parks & Recreation,Parks Department,Golf Course Maintenance,GOLF COURSE MAINTENANCE,56000
Parks & Recreation,Parks Department,IT Expenses,IT CAPITAL ISF ALLOCATION,3585
Parks & Recreation,Parks Department,IT Expenses,IT OPERATING ISF ALLOCATION,55030
Parks & Recreation,Parks Department,Insurance Expenses,INSURANCE ISF ALLOCATION,37534
Parks & Recreation,Parks Department,Salary & Benefits,DENTAL INS,8499
Parks & Recreation,Parks Department,Salary & Benefits,DISABILITY INS,2773
Parks & Recreation,Parks Department,Salary & Benefits,FICA,51502
Parks & Recreation,Parks Department,Salary & Benefits,HEALTH INS,160255
Parks & Recreation,Parks Department,Salary & Benefits,LIFE INS,2317
Parks & Recreation,Parks Department,Salary & Benefits,LONGEVITY,3682
Parks & Recreation,Parks Department,Salary & Benefits,LTE/SEASONAL WAGES,61163
Parks & Recreation,Parks Department,Salary & Benefits,OVERTIME,25602
Parks & Recreation,Parks Department,Salary & Benefits,PARKS ON CALL PAY,10661
Parks & Recreation,Parks Department,Salary & Benefits,PER DIEMS - PARKS COMMISSION,2220
Parks & Recreation,Parks Department,Salary & Benefits,Parks Holiday Premium,6072
Parks & Recreation,Parks Department,Salary & Benefits,SALARIES & WAGES - PARKS DEPT,566054
Parks & Recreation,Parks Department,Salary & Benefits,WRS,43567
Parks & Recreation,Parks Department,Software and Contracted Services,OTHER CONTRACTUAL,139000
Parks & Recreation,Parks Department,Software and Contracted Services,PUBLIC NOTICES/ADS,750
Parks & Recreation,Parks Department,"Training,Travel, Tuition",TRAINING & TRAVEL,7875
Parks & Recreation,Parks Department,Uniforms & Protective Gear,UNIFORMS & PROTECTIVE GEAR,9300
Parks & Recreation,Parks Department,Utilities,UTIL (SHELTERS) & TELEPHONE,62000
Parks & Recreation,Parks Department,Vehicle Expense,"VEHICLE EXPENSE (G&O, REPAIRS)",7000
Parks & Recreation,Recreation & Leisure,Gasoline and Fuel,GASOLINE/DIESEL FUEL,525
Parks & Recreation,Recreation & Leisure,General Office,OFFICE SUPPLIES & POSTAGE,275
Parks & Recreation,Recreation & Leisure,General Office,PUBLIC INFORMATION & EDUCATION,5200
Parks & Recreation,Recreation & Leisure,General Office,"PUBLICATIONS, DUES",800
Parks & Recreation,Recreation & Leisure,IT Expenses,IT CAPITAL ISF ALLOCATION,1790
Parks & Recreation,Recreation & Leisure,IT Expenses,IT OPERATING ISF ALLOCATION,21315
Parks & Recreation,Recreation & Leisure,Insurance Expenses,INSURANCE ISF ALLOCATION,8370
Parks & Recreation,Recreation & Leisure,Program Expenses,RECREATION PROGRAMS EXPENSE,30000
Parks & Recreation,Recreation & Leisure,Salary & Benefits,DENTAL INS,1923
Parks & Recreation,Recreation & Leisure,Salary & Benefits,DISABILITY INS,753
Parks & Recreation,Recreation & Leisure,Salary & Benefits,FICA,16910
Parks & Recreation,Recreation & Leisure,Salary & Benefits,HEALTH INS,37457
Parks & Recreation,Recreation & Leisure,Salary & Benefits,LIFE INS,296
Parks & Recreation,Recreation & Leisure,Salary & Benefits,LONGEVITY,765
Parks & Recreation,Recreation & Leisure,Salary & Benefits,OVERTIME,2466
Parks & Recreation,Recreation & Leisure,Salary & Benefits,PT/LTE/SEASONAL WAGES,65809
Parks & Recreation,Recreation & Leisure,Salary & Benefits,SALARIES & WAGES - RECREATION,152002
Parks & Recreation,Recreation & Leisure,Salary & Benefits,WRS,11177
Parks & Recreation,Recreation & Leisure,Software and Contracted Services,OTHER CONTRACTUAL SERVICES,70000
Parks & Recreation,Recreation & Leisure,Software and Contracted Services,"SOFTWARE, SUBSCRIPTIONS, MAINT",5500
Parks & Recreation,Recreation & Leisure,"Training,Travel, Tuition",TRAINING & TRAVEL,1400
Parks & Recreation,Recreation & Leisure,Vehicle Expense,VEHICLE OPERATING EXPENSE,500
Planning,Economic Development,Equipment Materials & Supplies,OPERATING MATERIALS & SUPPLIES,1250
Planning,Economic Development,General Office,COMMUNICATIONS EXPENSE,410
Planning,Economic Development,General Office,OFFICE SUPPLIES & POSTAGE,1675
Planning,Economic Development,General Office,"PUBLICATIONS, DUES",2095
Planning,Economic Development,IT Expenses,IT CAPITAL ISF ALLOCATION,915
Planning,Economic Development,IT Expenses,IT OPERATING ISF ALLOCATION,25410
Planning,Economic Development,Insurance Expenses,INSURANCE ISF ALLOCATION,9735
Planning,Economic Development,Salary & Benefits,DENTAL INS,3336
Planning,Economic Development,Salary & Benefits,DISABILITY INS,1200
Planning,Economic Development,Salary & Benefits,EDC Holiday Premium,209
Planning,Economic Development,Salary & Benefits,FICA,26342
Planning,Economic Development,Salary & Benefits,HEALTH INS,64081
Planning,Economic Development,Salary & Benefits,LIFE INS,1733
Planning,Economic Development,Salary & Benefits,LONGEVITY,2610
Planning,Economic Development,Salary & Benefits,PER DIEMS - ECON DEV COMM,1080
Planning,Economic Development,Salary & Benefits,SALARIES & WAGES - EDC,341520
Planning,Economic Development,Salary & Benefits,WRS,24792
Planning,Economic Development,Software and Contracted Services,"SOFTWARE, SUBSCRIPTIONS, MAINT",1440
Planning,Economic Development,"Training,Travel, Tuition",TRAINING & TRAVEL,3175
Planning,Economic Development,"Training,Travel, Tuition",VEHICLE USE REIMBURSEMENT,840
Planning,Zoning & Planning,Equipment Materials & Supplies,OPERATING MATERIALS & SUPPLIES,500
Planning,Zoning & Planning,General Office,OFFICE SUPPLIES & POSTAGE,1600
Planning,Zoning & Planning,General Office,PUBLIC INFORMATION & EDUCATION,1000
Planning,Zoning & Planning,General Office,"PUBLICATIONS, DUES",3600
Planning,Zoning & Planning,IT Expenses,IT CAPITAL ISF ALLOCATION,1220
Planning,Zoning & Planning,IT Expenses,IT OPERATING ISF ALLOCATION,32255
Planning,Zoning & Planning,Insurance Expenses,INSURANCE ISF ALLOCATION,2920
Planning,Zoning & Planning,Salary & Benefits,DENTAL INS,3336
Planning,Zoning & Planning,Salary & Benefits,DISABILITY INS,1129
Planning,Zoning & Planning,Salary & Benefits,FICA,25337
Planning,Zoning & Planning,Salary & Benefits,HEALTH INS,64081
Planning,Zoning & Planning,Salary & Benefits,LIFE INS,752
Planning,Zoning & Planning,Salary & Benefits,OVERTIME,7270
Planning,Zoning & Planning,Salary & Benefits,PER DIEMS - COMMISSIONS & BDS,4090
Planning,Zoning & Planning,Salary & Benefits,PT/LTE/SEASONAL WAGES,12698
Planning,Zoning & Planning,Salary & Benefits,SALARIES & WAGES - PLANNING,311240
Planning,Zoning & Planning,Salary & Benefits,WRS,22933
Planning,Zoning & Planning,Software and Contracted Services,PROFESSIONAL SERVICES,5000
Planning,Zoning & Planning,Software and Contracted Services,PUBLIC NOTICES/ADS,6000
Planning,Zoning & Planning,"Training,Travel, Tuition",TRAINING & TRAVEL,8400
Planning,Zoning & Planning,"Training,Travel, Tuition",VEHICLE USE REIMBURSEMENT,700
Police,Police Department,Equipment Materials & Supplies,BLDG CUSTODIAL SUPPLIES,8000
Police,Police Department,Equipment Materials & Supplies,EQUIPMENT EXPENSE,15000
Police,Police Department,Equipment Materials & Supplies,EQUIPMENT EXPENSE,13500
Police,Police Department,Equipment Materials & Supplies,INVESTIGATIVE SUPPLIES,22700
Police,Police Department,Equipment Materials & Supplies,K-9 UNIT,1800
Police,Police Department,Equipment Materials & Supplies,OPERATING MATERIALS & SUPPLIES,29750
Police,Police Department,Equipment Materials & Supplies,REPAIR & MAINT SUPPLIES,500
Police,Police Department,Equipment Materials & Supplies,REPAIR & MAINT SUPPLIES,2500
Police,Police Department,Equipment Materials & Supplies,REPAIR & MAINT SUPPLIES,1000
Police,Police Department,Equipment Replacement Reserve,EQUIPMENT REPLACEMENT RESERVE,31588
Police,Police Department,Gasoline and Fuel,GASOLINE/DIESEL FUEL,133000
Police,Police Department,General Office,COMMUNICATIONS EXPENSE,3000
Police,Police Department,General Office,OFFICE SUPPLIES & POSTAGE,13000
Police,Police Department,General Office,PUBLIC INFORMATION & EDUCATION,12500
Police,Police Department,General Office,"PUBLICATIONS, DUES",2500
Police,Police Department,IT Expenses,IT CAPITAL ISF ALLOCATION,29550
Police,Police Department,IT Expenses,IT OPERATING ISF ALLOCATION,3880
Police,Police Department,IT Expenses,IT OPERATING ISF ALLOCATION,454030
Police,Police Department,Insurance Expenses,INSURANCE ISF ALLOCATION,33657
Police,Police Department,Insurance Expenses,INSURANCE ISF ALLOCATION,201385
Police,Police Department,MPSIS,MPSIS ALLOCATION,184795
Police,Police Department,Salary & Benefits,DENTAL INS,1412
Police,Police Department,Salary & Benefits,DENTAL INS,73648
Police,Police Department,Salary & Benefits,DISABILITY INS,329
Police,Police Department,Salary & Benefits,DISABILITY INS,25325
Police,Police Department,Salary & Benefits,FICA,4056
Police,Police Department,Salary & Benefits,FICA,502227
Police,Police Department,Salary & Benefits,FTO DIFFERENTIAL,2000
Police,Police Department,Salary & Benefits,HEALTH INS,26624
Police,Police Department,Salary & Benefits,HEALTH INS,1355609
Police,Police Department,Salary & Benefits,HOLIDAY PREMIUM,34988
Police,Police Department,Salary & Benefits,LIFE INS,76
Police,Police Department,Salary & Benefits,LIFE INS,8866
Police,Police Department,Salary & Benefits,LONGEVITY,11385
Police,Police Department,Salary & Benefits,ON CALL PAY,6070
Police,Police Department,Salary & Benefits,OVERTIME,3566
Police,Police Department,Salary & Benefits,OVERTIME,462687
Police,Police Department,Salary & Benefits,PT/LTE/SEASONAL WAGES,9924
Police,Police Department,Salary & Benefits,SALARIES & WAGES - POLICE,5997501
Police,Police Department,Salary & Benefits,SALARIES & WAGES-PD FACILITY,49454
Police,Police Department,Salary & Benefits,TAXABLE CLOTH ALLOW/STIPEND,40500
Police,Police Department,Salary & Benefits,WRS,3817
Police,Police Department,Salary & Benefits,WRS,910030
Police,Police Department,Software and Contracted Services,OTHER CONTRACTUAL SERVICES,750
Police,Police Department,Software and Contracted Services,OTHER CONTRACTUAL/CROSS GUARDS,5000
Police,Police Department,Software and Contracted Services,PROFESSIONAL SERVICES,40800
Police,Police Department,Software and Contracted Services,REPAIRS & MAINT - BY OTHERS,7000
Police,Police Department,Software and Contracted Services,REPAIRS & MAINT - BY OTHERS,39200
Police,Police Department,Software and Contracted Services,REPAIRS & MAINT - BY OTHERS,4300
Police,Police Department,Software and Contracted Services,"SOFTWARE, SUBSCRIPTIONS, MAINT",30050
Police,Police Department,"Training,Travel, Tuition",TRAINING & TRAVEL,58500
Police,Police Department,"Training,Travel, Tuition",TUITION REIMBURSEMENT,1360
Police,Police Department,"Training,Travel, Tuition",YMCA MEMBERSHIP,8475
Police,Police Department,Uniforms & Protective Gear,PROTECTIVE GEAR,26925
Police,Police Department,Uniforms & Protective Gear,UNIFORMS & PROTECTIVE GEAR,400
Police,Police Department,Uniforms & Protective Gear,UNIFORMS & PROTECTIVE GEAR,900
Police,Police Department,Utilities,UTILITIES,3200
Police,Police Department,Utilities,UTILITIES,105000
Police,Police Department,Vehicle Expense,"VEHICLE EXPENSE (G&O, REPAIRS)",55000
Public Works,Public Safety,Equipment Materials & Supplies,OPERATING MATERIALS & SUPPLIES,1500
Public Works,Public Safety,Equipment Materials & Supplies,REPAIR & MAINT SUPPLIES,42200
Public Works,Public Safety,Gasoline and Fuel,GASOLINE/DIESEL FUEL,71300
Public Works,Public Safety,General Office,COMMUNICATIONS EXPENSE,1500
Public Works,Public Safety,General Office,OFFICE SUPPLIES & POSTAGE,2100
Public Works,Public Safety,General Office,"PUBLICATIONS, DUES",10510
Public Works,Public Safety,IT Expenses,IT CAPITAL ISF ALLOCATION,5190
Public Works,Public Safety,IT Expenses,IT OPERATING ISF ALLOCATION,149875
Public Works,Public Safety,Insurance Expenses,INSURANCE ISF ALLOCATION,78964
Public Works,Public Safety,Road Maintenance,ROAD MAINTENANCE,403650
Public Works,Public Safety,Road Maintenance,ROADWAY SUPPLIES,179630
Public Works,Public Safety,Salary & Benefits,DENTAL INS,14582
Public Works,Public Safety,Salary & Benefits,DISABILITY INS,5352
Public Works,Public Safety,Salary & Benefits,FICA,89356
Public Works,Public Safety,Salary & Benefits,HEALTH INS,268479
Public Works,Public Safety,Salary & Benefits,LIFE INS,3064
Public Works,Public Safety,Salary & Benefits,LONGEVITY,4195
Public Works,Public Safety,Salary & Benefits,OVERTIME,56766
Public Works,Public Safety,Salary & Benefits,PER DIEMS - BD OF PUBLIC WKS,3050
Public Works,Public Safety,Salary & Benefits,PT/LTE/SEASONAL WAGES,13468
Public Works,Public Safety,Salary & Benefits,PW Holiday Premium,5838
Public Works,Public Safety,Salary & Benefits,PW ON CALL PAY,10661
Public Works,Public Safety,Salary & Benefits,SALARIES & WAGES - PUBLIC WKS,1077117
Public Works,Public Safety,Salary & Benefits,WRS,83049
Public Works,Public Safety,Software and Contracted Services,PROFESSIONAL SERVICES,10880
Public Works,Public Safety,Software and Contracted Services,PUBLIC NOTICES/ADS,1100
Public Works,Public Safety,Software and Contracted Services,"SOFTWARE, SUBSCRIPTIONS, MAINT",32350
Public Works,Public Safety,Street Light/Traffic Signal Service,POLES & LIGHTS REPLACE STOCK,22500
Public Works,Public Safety,Street Light/Traffic Signal Service,STREET LIGHT MAINTENANCE,30000
Public Works,Public Safety,Street Light/Traffic Signal Service,STREET LIGHT SERVICE - MG&E,260000
Public Works,Public Safety,Street Light/Traffic Signal Service,TRAFFIC SIGNAL MAINTENANCE,29000
Public Works,Public Safety,"Training,Travel, Tuition",TRAINING & TRAVEL,17710
Public Works,Public Safety,"Training,Travel, Tuition",VEHICLE USE REIMBURSEMENT,500
Public Works,Public Safety,Uniforms & Protective Gear,UNIFORMS & PROTECTIVE GEAR,19570
Public Works,Public Safety,Utilities,UTILITIES,250
Public Works,Public Safety,Vehicle Expense,"VEHICLE EXPENSE (G&O, REPAIRS)",54500
